"Refs","Value","Footprint","Qty","DNP"
"C101","10uF 50V","Capacitor_SMD:C_1206_3216Metric","1",""
"C102","0.1uF 50V","Capacitor_SMD:C_0603_1608Metric","1",""
"C103","0.1uF 50V","Capacitor_SMD:C_0603_1608Metric","1",""
"C104","22uF 16V","Capacitor_SMD:C_1206_3216Metric","1",""
"C105","22uF 16V","Capacitor_SMD:C_1206_3216Metric","1",""
"C106","1uF 10V","Capacitor_SMD:C_0603_1608Metric","1",""
"C107","2.2uF 10V","Capacitor_SMD:C_0603_1608Metric","1",""
"C108","100nF","Capacitor_SMD:C_0603_1608Metric","1",""
"C109","100nF","Capacitor_SMD:C_0603_1608Metric","1",""
"C201","100nF","Capacitor_SMD:C_0603_1608Metric","1",""
"C202","100nF","Capacitor_SMD:C_0603_1608Metric","1",""
"C203","100nF","Capacitor_SMD:C_0603_1608Metric","1",""
"C204","100nF","Capacitor_SMD:C_0603_1608Metric","1",""
"C205","4.7uF 10V","Capacitor_SMD:C_0603_1608Metric","1",""
"C206","1uF 10V","Capacitor_SMD:C_0603_1608Metric","1",""
"C207","100nF","Capacitor_SMD:C_0603_1608Metric","1",""
"C208","2.2uF 16V","Capacitor_SMD:C_0603_1608Metric","1",""
"C209","2.2uF 16V","Capacitor_SMD:C_0603_1608Metric","1",""
"C210","33pF C0G","Capacitor_SMD:C_0603_1608Metric","1",""
"C211","33pF C0G","Capacitor_SMD:C_0603_1608Metric","1",""
"C212","100nF","Capacitor_SMD:C_0603_1608Metric","1",""
"C213","1uF 10V","Capacitor_SMD:C_0603_1608Metric","1",""
"C301","100nF","Capacitor_SMD:C_0603_1608Metric","1",""
"C302","1uF 10V","Capacitor_SMD:C_0603_1608Metric","1",""
"C303","100nF","Capacitor_SMD:C_0603_1608Metric","1",""
"C304","100nF","Capacitor_SMD:C_0603_1608Metric","1",""
"C305","100nF","Capacitor_SMD:C_0603_1608Metric","1",""
"D101","SMBJ28CA","Diode_SMD:D_SMB","1",""
"D102","BZX84C12","Package_TO_SOT_SMD:SOT-23","1",""
"D103","Green LED","LED_SMD:LED_0603_1608Metric","1",""
"D104","Blue LED","LED_SMD:LED_0603_1608Metric","1",""
"D401","PMEG3020EJ","Diode_SMD:D_SOD-323F","1",""
"D403","Red LED","LED_SMD:LED_0603_1608Metric","1",""
"FB201","Ferrite Bead (600Ω)","Inductor_SMD:L_0603_1608Metric","1",""
"J101","BAT_IN","Connector_PinHeader_2.54mm:PinHeader_1x02_P2.54mm_Vertical","1",""
"J201","SWD_DEBUG","Connector_PinHeader_1.27mm:PinHeader_1x04_P1.27mm_Vertical","1",""
"J401","USB_C","Connector_USB:USB_C_Receptacle_HRO_TYPE-C-31-M-12","1",""
"J402","ESC_4IN1","Connector_JST:JST_SH_SM08B-SRSS-TB_1x08-1MP_P1.00mm_Horizontal","1",""
"J403","GPS_MAG","Connector_JST:JST_SH_SM06B-SRSS-TB_1x06-1MP_P1.00mm_Horizontal","1",""
"J404","TELEM_GCS","Connector_JST:JST_SH_SM04B-SRSS-TB_1x04-1MP_P1.00mm_Horizontal","1",""
"J405","RC_RECEIVER","Connector_JST:JST_SH_SM04B-SRSS-TB_1x04-1MP_P1.00mm_Horizontal","1",""
"L101","10uH","Inductor_SMD_Wurth:L_Wurth_WE-LQSH-4020","1",""
"Q101","Si2319CDS","Package_TO_SOT_SMD:SOT-23","1",""
"R101","100k","Resistor_SMD:R_0603_1608Metric","1",""
"R102","100k 1%","Resistor_SMD:R_0603_1608Metric","1",""
"R103","13.3k 1%","Resistor_SMD:R_0603_1608Metric","1",""
"R104","10k 0.1%","Resistor_SMD:R_0603_1608Metric","1",""
"R105","1k 0.1%","Resistor_SMD:R_0603_1608Metric","1",""
"R106","1k","Resistor_SMD:R_0603_1608Metric","1",""
"R107","1k","Resistor_SMD:R_0603_1608Metric","1",""
"R108","470R","Resistor_SMD:R_0603_1608Metric","1",""
"R202","10k","Resistor_SMD:R_0603_1608Metric","1",""
"R203","10k","Resistor_SMD:R_0603_1608Metric","1",""
"R301","2.2k","Resistor_SMD:R_0603_1608Metric","1",""
"R302","2.2k","Resistor_SMD:R_0603_1608Metric","1",""
"R303","10k","Resistor_SMD:R_0603_1608Metric","1",""
"R401","5.1k 1%","Resistor_SMD:R_0603_1608Metric","1",""
"R402","5.1k 1%","Resistor_SMD:R_0603_1608Metric","1",""
"R403","22R","Resistor_SMD:R_0603_1608Metric","1",""
"R404","22R","Resistor_SMD:R_0603_1608Metric","1",""
"R407","1k","Resistor_SMD:R_0603_1608Metric","1",""
"SW201","Pushbutton (NRST)","Button_Switch_SMD:SW_Push_SPST_NO_PTS810","1",""
"SW202","Pushbutton (BOOT0)","Button_Switch_SMD:SW_Push_SPST_NO_PTS810","1",""
"U101","LMR51430","Package_TO_SOT_SMD:SOT-23-6","1",""
"U102","TLV75733PDBV","Package_TO_SOT_SMD:SOT-23-5","1",""
"U201","STM32F405RGT6","Package_QFP:LQFP-64_10x10mm_P0.5mm","1",""
"U301","ICM-42688-P","Package_LGA:InvenSense_LGA-14_2.5x3mm_P0.5mm","1",""
"U302","BMP390","Package_LGA:Bosch_LGA-10_2x2mm_P0.5mm","1",""
"U303","W25Q128JVSSIQ","Package_SO:SOIC-8_5.23x5.23mm_P1.27mm","1",""
"U402","USBLC6-2SC6","Package_TO_SOT_SMD:SOT-23-6","1",""
"Y201","8.000MHz","Crystal:Crystal_SMD_3225-4Pin_3.2x2.5mm","1",""
